{
  "Component.js": 1654173680258,
  "model/models.js": 1654173680258,
  "manifest.json": 1658394983296,
  "controller/TripDetails.controller.js": 1654173680258,
  "i18n/i18n.properties": 1658299916462,
  "manifest-bundle.zip": 1658394983326,
  "Component-preload.js": 1658394983786,
  "controller/TripDetails-dbg.controller.js": 1654173680258,
  "model/models-dbg.js": 1654173680258,
  "Component-dbg.js": 1654173680258,
  "view/TripDetails.view.xml": 1658299916462,
  "css/style.css": 1654173680258,
  "index.html": 1654173680258
}