{
  "css/style.css": 1631167959806,
  "manifest.json": 1636391274288,
  "model/models.js": 1631167959810,
  "controller/TripDetails.controller.js": 1634117119866,
  "Component.js": 1631167959806,
  "manifest-bundle.zip": 1636391274304,
  "Component-preload.js": 1636391274664,
  "Component-dbg.js": 1631167959806,
  "controller/TripDetails-dbg.controller.js": 1634117119866,
  "model/models-dbg.js": 1631167959810,
  "view/TripDetails.view.xml": 1635141980407,
  "i18n/i18n.properties": 1633235705958,
  "index.html": 1631167959806
}