{
  "manifest-bundle.zip": 1658769865427,
  "model/models.js": 1658379887025,
  "manifest.json": 1658769865410,
  "controller/TripDetails.controller.js": 1658379887025,
  "Component.js": 1658379887025,
  "i18n/i18n.properties": 1658379887025,
  "Component-preload.js": 1658769865823,
  "model/models-dbg.js": 1658379887025,
  "controller/TripDetails-dbg.controller.js": 1658379887025,
  "Component-dbg.js": 1658379887025,
  "view/TripDetails.view.xml": 1658379887025,
  "css/style.css": 1658379887025,
  "index.html": 1658763556670
}