{
  "model/models.js": 1631167959810,
  "Component.js": 1631167959806,
  "i18n/i18n.properties": 1633235705958,
  "controller/TripDetails.controller.js": 1634117119866,
  "manifest.json": 1649157176049,
  "manifest-bundle.zip": 1649157176068,
  "Component-preload.js": 1649157176466,
  "model/models-dbg.js": 1631167959810,
  "controller/TripDetails-dbg.controller.js": 1634117119866,
  "Component-dbg.js": 1631167959806,
  "view/TripDetails.view.xml": 1635141980407,
  "css/style.css": 1631167959806,
  "index.html": 1631167959806
}