{
  "model/models-dbg.js": 1631167959810,
  "manifest.json": 1658214251398,
  "model/models.js": 1631167959810,
  "controller/TripDetails.controller.js": 1634117119866,
  "Component.js": 1631167959806,
  "manifest-bundle.zip": 1658214251420,
  "Component-preload.js": 1658214251947,
  "i18n/i18n.properties": 1657802635835,
  "controller/TripDetails-dbg.controller.js": 1634117119866,
  "Component-dbg.js": 1631167959806,
  "view/TripDetails.view.xml": 1657802635835,
  "css/style.css": 1631167959806,
  "index.html": 1631167959806
}