{
  "css/style.css": 1657275400114,
  "manifest.json": 1657297619769,
  "model/models.js": 1657275400114,
  "controller/TripDetails.controller.js": 1657275400114,
  "Component.js": 1657275400114,
  "manifest-bundle.zip": 1657297619779,
  "Component-preload.js": 1657297619980,
  "model/models-dbg.js": 1657275400114,
  "controller/TripDetails-dbg.controller.js": 1657275400114,
  "Component-dbg.js": 1657275400114,
  "view/TripDetails.view.xml": 1657275400118,
  "i18n/i18n.properties": 1657275400114,
  "index.html": 1657275400114
}