{
  "manifest-bundle.zip": 1639572200818,
  "Component.js": 1622031802194,
  "model/models.js": 1621870970141,
  "controller/passengers.controller.js": 1622031992572,
  "manifest.json": 1639572200797,
  "i18n/i18n.properties": 1632860631963,
  "Component-preload.js": 1639572201233,
  "model/models-dbg.js": 1621870970141,
  "controller/passengers-dbg.controller.js": 1622031992572,
  "Component-dbg.js": 1622031802194,
  "view/passengers.view.xml": 1622031834062,
  "css/style.css": 1621870970137,
  "annotations/annotation.xml": 1622032557537,
  "index.html": 1634646496768
}