{
  "css/style.css": 1657275400110,
  "Component.js": 1657275400110,
  "model/models.js": 1657275400110,
  "controller/passengers.controller.js": 1657275400110,
  "manifest.json": 1657297582507,
  "manifest-bundle.zip": 1657297582523,
  "Component-preload.js": 1657297582813,
  "model/models-dbg.js": 1657275400110,
  "controller/passengers-dbg.controller.js": 1657275400110,
  "Component-dbg.js": 1657275400110,
  "view/passengers.view.xml": 1657275400110,
  "i18n/i18n.properties": 1657275400110,
  "annotations/annotation.xml": 1657275400110,
  "index.html": 1657275400110
}