{
  "annotations/annotation.xml": 1658379887017,
  "manifest.json": 1658769839681,
  "model/models.js": 1658379887017,
  "controller/passengers.controller.js": 1658379887017,
  "Component.js": 1658379887017,
  "manifest-bundle.zip": 1658769839699,
  "Component-preload.js": 1658769840000,
  "model/models-dbg.js": 1658379887017,
  "controller/passengers-dbg.controller.js": 1658379887017,
  "Component-dbg.js": 1658379887017,
  "view/passengers.view.xml": 1658379887017,
  "css/style.css": 1658379887017,
  "i18n/i18n.properties": 1658379887017,
  "index.html": 1658757138555
}