{
  "manifest-bundle.zip": 1658394952969,
  "manifest.json": 1658394952949,
  "model/models.js": 1654173680250,
  "controller/passengers.controller.js": 1654173680250,
  "Component.js": 1654173680250,
  "i18n/i18n.properties": 1654173680250,
  "Component-preload.js": 1658394953339,
  "model/models-dbg.js": 1654173680250,
  "controller/passengers-dbg.controller.js": 1654173680250,
  "Component-dbg.js": 1654173680250,
  "view/passengers.view.xml": 1654173680250,
  "css/style.css": 1654173680250,
  "annotations/annotation.xml": 1654173680250,
  "index.html": 1654173680250
}