{
  "manifest.json": 1658394960764,
  "i18n/i18n.properties": 1654173680258,
  "model/models.js": 1654173680258,
  "controller/route_plan.controller.js": 1654173680258,
  "Component.js": 1654173680258,
  "manifest-bundle.zip": 1658394960781,
  "Component-preload.js": 1658394961109,
  "Component-dbg.js": 1654173680258,
  "controller/route_plan-dbg.controller.js": 1654173680258,
  "model/models-dbg.js": 1654173680258,
  "view/route_plan.view.xml": 1654173680258,
  "css/style.css": 1654173680258,
  "annotations/annotation.xml": 1654173680258,
  "index.html": 1654173680258
}