{
  "css/style.css": 1657275400114,
  "model/models.js": 1657275400114,
  "manifest.json": 1657297592541,
  "controller/route_plan.controller.js": 1657275400114,
  "Component.js": 1657275400114,
  "manifest-bundle.zip": 1657297592556,
  "Component-preload.js": 1657297592858,
  "Component-dbg.js": 1657275400114,
  "controller/route_plan-dbg.controller.js": 1657275400114,
  "model/models-dbg.js": 1657275400114,
  "view/route_plan.view.xml": 1657275400114,
  "i18n/i18n.properties": 1657275400114,
  "annotations/annotation.xml": 1657275400114,
  "index.html": 1657275400114
}