{
  "Component.js": 1658379887017,
  "manifest.json": 1658769846281,
  "model/models.js": 1658379887021,
  "controller/route_plan.controller.js": 1658379887017,
  "i18n/i18n.properties": 1658379887017,
  "manifest-bundle.zip": 1658769846300,
  "Component-preload.js": 1658769846616,
  "controller/route_plan-dbg.controller.js": 1658379887017,
  "model/models-dbg.js": 1658379887021,
  "Component-dbg.js": 1658379887017,
  "view/route_plan.view.xml": 1658379887021,
  "css/style.css": 1658379887017,
  "annotations/annotation.xml": 1658379887017,
  "index.html": 1658757138555
}