{
  "controller/route_plan-dbg.controller.js": 1622032745255,
  "controller/route_plan.controller.js": 1622032745255,
  "model/models.js": 1621871214194,
  "manifest.json": 1639572212972,
  "Component.js": 1622031796702,
  "manifest-bundle.zip": 1639572212989,
  "Component-preload.js": 1639572213329,
  "i18n/i18n.properties": 1621871214190,
  "model/models-dbg.js": 1621871214194,
  "Component-dbg.js": 1622031796702,
  "view/route_plan.view.xml": 1622031822714,
  "css/style.css": 1621871214190,
  "annotations/annotation.xml": 1622032529649,
  "index.html": 1634646489872
}