{
  "controller/Cargo.controller.js": 1621791468839,
  "i18n/i18n.properties": 1632833315264,
  "model/models.js": 1621791468839,
  "manifest.json": 1636292341544,
  "Component.js": 1635874400704,
  "manifest-bundle.zip": 1636292341552,
  "Component-preload.js": 1636292341670,
  "model/models-dbg.js": 1621791468839,
  "controller/Cargo-dbg.controller.js": 1621791468839,
  "Component-dbg.js": 1635874400704,
  "view/Cargo.view.xml": 1621947577707,
  "css/style.css": 1621791468839,
  "annotations/annotation.xml": 1619462750000,
  "index.html": 1635874406116
}