{
  "annotations/annotation.xml": 1654173680214,
  "Component.js": 1654173680214,
  "model/models.js": 1654173680214,
  "controller/Catering.controller.js": 1654173680214,
  "manifest.json": 1658394945047,
  "manifest-bundle.zip": 1658394945076,
  "Component-preload.js": 1658394945466,
  "controller/Catering-dbg.controller.js": 1654173680214,
  "model/models-dbg.js": 1654173680214,
  "Component-dbg.js": 1654173680214,
  "view/Catering.view.xml": 1654173680218,
  "css/style.css": 1654173680214,
  "i18n/i18n.properties": 1654173680214,
  "index.html": 1654173680214
}