{
  "index.html": 1657275400074,
  "Component.js": 1657275400074,
  "model/models.js": 1657275400078,
  "controller/Catering.controller.js": 1657275400074,
  "manifest.json": 1657297572199,
  "manifest-bundle.zip": 1657297572218,
  "Component-preload.js": 1657297572523,
  "controller/Catering-dbg.controller.js": 1657275400074,
  "model/models-dbg.js": 1657275400078,
  "Component-dbg.js": 1657275400074,
  "view/Catering.view.xml": 1657275400078,
  "css/style.css": 1657275400074,
  "annotations/annotation.xml": 1657275400074,
  "i18n/i18n.properties": 1657275400074
}