{
  "css/style.css": 1621870011812,
  "model/models.js": 1621870011816,
  "manifest.json": 1649157118058,
  "controller/Catering.controller.js": 1622235381944,
  "Component.js": 1622373023061,
  "manifest-bundle.zip": 1649157118077,
  "Component-preload.js": 1649157118654,
  "model/models-dbg.js": 1621870011816,
  "controller/Catering-dbg.controller.js": 1622235381944,
  "Component-dbg.js": 1622373023061,
  "view/Catering.view.xml": 1622380221245,
  "i18n/i18n.properties": 1621870011812,
  "annotations/annotation.xml": 1622030120174,
  "index.html": 1636041877333
}