{
  "Component-preload.js": 1658769833278,
  "model/models.js": 1658379886997,
  "manifest.json": 1658769832917,
  "controller/Catering.controller.js": 1658379886997,
  "Component.js": 1658379886997,
  "manifest-bundle.zip": 1658769832936,
  "i18n/i18n.properties": 1658379886997,
  "Component-dbg.js": 1658379886997,
  "controller/Catering-dbg.controller.js": 1658379886997,
  "model/models-dbg.js": 1658379886997,
  "view/Catering.view.xml": 1658379886997,
  "css/style.css": 1658379886997,
  "annotations/annotation.xml": 1658379886997,
  "index.html": 1658757138547
}