{
  "controller/BaseController-dbg.js": 1658379887029,
  "manifest.json": 1658769903437,
  "utils/locate-reuse-libs.js": 1658379887037,
  "utils/Rest.js": 1658379887037,
  "model/models.js": 1658379887037,
  "model/formatter.js": 1658379887037,
  "model/enums.js": 1658379887037,
  "controller/Worklist.controller.js": 1658379887029,
  "controller/Statuses.controller.js": 1658379887029,
  "controller/PassengerRecord.controller.js": 1658379887029,
  "controller/Object.controller.js": 1658379887029,
  "controller/NotFound.controller.js": 1658379887029,
  "controller/ErrorHandler.js": 1658379887029,
  "controller/DetailsBaseController.js": 1658379887029,
  "controller/CargoRecord.controller.js": 1658379887029,
  "controller/BaseController.js": 1658379887029,
  "controller/App.controller.js": 1658379887029,
  "Component.js": 1658379887029,
  "manifest-bundle.zip": 1658769903463,
  "Component-preload.js": 1658769904026,
  "model/models-dbg.js": 1658379887037,
  "utils/Rest-dbg.js": 1658379887037,
  "utils/locate-reuse-libs-dbg.js": 1658379887037,
  "model/formatter-dbg.js": 1658379887037,
  "model/enums-dbg.js": 1658379887037,
  "controller/Worklist-dbg.controller.js": 1658379887029,
  "controller/Statuses-dbg.controller.js": 1658379887029,
  "controller/PassengerRecord-dbg.controller.js": 1658379887029,
  "controller/Object-dbg.controller.js": 1658379887029,
  "controller/NotFound-dbg.controller.js": 1658379887029,
  "controller/ErrorHandler-dbg.js": 1658379887029,
  "controller/DetailsBaseController-dbg.js": 1658379887029,
  "controller/CargoRecord-dbg.controller.js": 1658379887029,
  "i18n/i18n.properties": 1658466704468,
  "controller/App-dbg.controller.js": 1658379887029,
  "Component-dbg.js": 1658379887029,
  "view/Worklist.view.xml": 1658379887037,
  "view/Statuses.view.xml": 1658379887037,
  "view/SortDialog.fragment.xml": 1658379887037,
  "view/PassengerRecord.view.xml": 1658379887037,
  "view/ObjectNotFound.view.xml": 1658379887037,
  "view/Object.view.xml": 1658755323783,
  "view/NotFound.view.xml": 1658379887037,
  "view/CargoRecord.view.xml": 1658379887037,
  "view/App.view.xml": 1658379887037,
  "index.html": 1658757138555
}