{
  "utils/locate-reuse-libs-dbg.js": 1651087384662,
  "model/models.js": 1651087384666,
  "utils/locate-reuse-libs.js": 1651087384662,
  "utils/Rest.js": 1652189603974,
  "manifest.json": 1652295034244,
  "model/formatter.js": 1651261982445,
  "controller/Worklist.controller.js": 1652203911515,
  "controller/Object.controller.js": 1651087384670,
  "controller/NotFound.controller.js": 1651087384670,
  "controller/ErrorHandler.js": 1651087384666,
  "controller/BaseController.js": 1651087384666,
  "controller/App.controller.js": 1651087384666,
  "Component.js": 1651087384658,
  "manifest-bundle.zip": 1652295034256,
  "Component-preload.js": 1652295034661,
  "utils/Rest-dbg.js": 1652189603974,
  "i18n/i18n.properties": 1652207944412,
  "model/models-dbg.js": 1651087384666,
  "model/formatter-dbg.js": 1651261982445,
  "controller/Worklist-dbg.controller.js": 1652203911515,
  "controller/Object-dbg.controller.js": 1651087384670,
  "controller/NotFound-dbg.controller.js": 1651087384670,
  "controller/ErrorHandler-dbg.js": 1651087384666,
  "controller/BaseController-dbg.js": 1651087384666,
  "controller/App-dbg.controller.js": 1651087384666,
  "Component-dbg.js": 1651087384658,
  "view/Worklist.view.xml": 1652188846071,
  "view/ObjectNotFound.view.xml": 1651087384682,
  "view/Object.view.xml": 1651087384678,
  "view/NotFound.view.xml": 1651087384678,
  "view/App.view.xml": 1651259947761,
  "index.html": 1651087384658
}