{
  "model/formatter.js": 1658299916534,
  "Component.js": 1658299916498,
  "utils/locate-reuse-libs.js": 1654173680282,
  "utils/Rest.js": 1658299916538,
  "model/models.js": 1658299916534,
  "i18n/i18n.properties": 1658389091351,
  "model/enums.js": 1658314815613,
  "controller/Worklist.controller.js": 1658306991413,
  "controller/Statuses.controller.js": 1658299916510,
  "controller/PassengerRecord.controller.js": 1658299916510,
  "controller/Object.controller.js": 1658299916506,
  "controller/NotFound.controller.js": 1654173680270,
  "controller/ErrorHandler.js": 1654173680270,
  "controller/DetailsBaseController.js": 1658299916506,
  "controller/CargoRecord.controller.js": 1658299916502,
  "controller/BaseController.js": 1658299916502,
  "controller/App.controller.js": 1658299916498,
  "manifest.json": 1658395027096,
  "manifest-bundle.zip": 1658395027125,
  "Component-preload.js": 1658395027684,
  "controller/Statuses-dbg.controller.js": 1658299916510,
  "utils/Rest-dbg.js": 1658299916538,
  "model/models-dbg.js": 1658299916534,
  "model/formatter-dbg.js": 1658299916534,
  "model/enums-dbg.js": 1658314815613,
  "controller/Worklist-dbg.controller.js": 1658306991413,
  "utils/locate-reuse-libs-dbg.js": 1654173680282,
  "controller/PassengerRecord-dbg.controller.js": 1658299916510,
  "controller/Object-dbg.controller.js": 1658299916506,
  "controller/NotFound-dbg.controller.js": 1654173680270,
  "controller/ErrorHandler-dbg.js": 1654173680270,
  "controller/DetailsBaseController-dbg.js": 1658299916506,
  "controller/CargoRecord-dbg.controller.js": 1658299916502,
  "controller/BaseController-dbg.js": 1658299916502,
  "controller/App-dbg.controller.js": 1658299916498,
  "Component-dbg.js": 1658299916498,
  "view/Worklist.view.xml": 1658306934497,
  "view/Statuses.view.xml": 1658299916550,
  "view/SortDialog.fragment.xml": 1658299916546,
  "view/PassengerRecord.view.xml": 1658299916546,
  "view/ObjectNotFound.view.xml": 1654173680282,
  "view/Object.view.xml": 1658299916542,
  "view/NotFound.view.xml": 1654173680282,
  "view/CargoRecord.view.xml": 1658299916542,
  "view/App.view.xml": 1658299916538,
  "index.html": 1658299916514
}