{
  "controller/Object.controller.js": 1657275400122,
  "utils/locate-reuse-libs.js": 1657275400142,
  "manifest.json": 1657297655089,
  "utils/Rest.js": 1657275400142,
  "model/models.js": 1657275400142,
  "model/formatter.js": 1657275400142,
  "model/enums.js": 1657275400142,
  "controller/Worklist.controller.js": 1657285081108,
  "i18n/i18n.properties": 1657275400122,
  "controller/NotFound.controller.js": 1657275400122,
  "controller/ErrorHandler.js": 1657275400122,
  "controller/BaseController.js": 1657275400122,
  "controller/App.controller.js": 1657275400122,
  "Component.js": 1657275400122,
  "manifest-bundle.zip": 1657297655107,
  "Component-preload.js": 1657297655552,
  "model/formatter-dbg.js": 1657275400142,
  "model/models-dbg.js": 1657275400142,
  "model/enums-dbg.js": 1657275400142,
  "utils/locate-reuse-libs-dbg.js": 1657275400142,
  "utils/Rest-dbg.js": 1657275400142,
  "controller/Worklist-dbg.controller.js": 1657285081108,
  "controller/Object-dbg.controller.js": 1657275400122,
  "controller/NotFound-dbg.controller.js": 1657275400122,
  "controller/ErrorHandler-dbg.js": 1657275400122,
  "controller/BaseController-dbg.js": 1657275400122,
  "controller/App-dbg.controller.js": 1657275400122,
  "Component-dbg.js": 1657275400122,
  "view/Worklist.view.xml": 1657285197201,
  "view/ObjectNotFound.view.xml": 1657275400142,
  "view/Object.view.xml": 1657275400142,
  "view/NotFound.view.xml": 1657275400142,
  "view/App.view.xml": 1657275400142,
  "index.html": 1657275400122
}