{
  "view/Worklist.view.xml": 1658213674461,
  "utils/Rest.js": 1657802635887,
  "utils/locate-reuse-libs.js": 1651087384662,
  "manifest.json": 1658214287713,
  "model/models.js": 1657802635887,
  "model/formatter.js": 1657802635887,
  "model/enums.js": 1657802635883,
  "controller/Worklist.controller.js": 1658213674449,
  "controller/Statuses.controller.js": 1657802635859,
  "controller/PassengerRecord.controller.js": 1657802635859,
  "controller/Object.controller.js": 1657802635855,
  "controller/NotFound.controller.js": 1651087384670,
  "controller/ErrorHandler.js": 1651087384666,
  "controller/DetailsBaseController.js": 1657802635855,
  "controller/CargoRecord.controller.js": 1657802635851,
  "controller/BaseController.js": 1657802635851,
  "controller/App.controller.js": 1657802635847,
  "Component.js": 1657802635847,
  "manifest-bundle.zip": 1658214287733,
  "Component-preload.js": 1658214288296,
  "controller/CargoRecord-dbg.controller.js": 1657802635851,
  "utils/Rest-dbg.js": 1657802635887,
  "model/models-dbg.js": 1657802635887,
  "model/formatter-dbg.js": 1657802635887,
  "model/enums-dbg.js": 1657802635883,
  "controller/Worklist-dbg.controller.js": 1658213674449,
  "controller/Statuses-dbg.controller.js": 1657802635859,
  "controller/PassengerRecord-dbg.controller.js": 1657802635859,
  "controller/Object-dbg.controller.js": 1657802635855,
  "controller/NotFound-dbg.controller.js": 1651087384670,
  "controller/ErrorHandler-dbg.js": 1651087384666,
  "controller/DetailsBaseController-dbg.js": 1657802635855,
  "utils/locate-reuse-libs-dbg.js": 1651087384662,
  "controller/BaseController-dbg.js": 1657802635851,
  "controller/App-dbg.controller.js": 1657802635847,
  "Component-dbg.js": 1657802635847,
  "i18n/i18n.properties": 1658213674449,
  "view/Statuses.view.xml": 1657802635899,
  "view/SortDialog.fragment.xml": 1658213674461,
  "view/PassengerRecord.view.xml": 1658213674461,
  "view/ObjectNotFound.view.xml": 1651087384682,
  "view/Object.view.xml": 1658213674461,
  "view/NotFound.view.xml": 1651087384678,
  "view/CargoRecord.view.xml": 1658213674461,
  "view/App.view.xml": 1657802635891,
  "index.html": 1657802635863
}