{
  "model/formatter.js": 1657802635927,
  "manifest.json": 1658214311002,
  "utils/locate-reuse-libs.js": 1657802635927,
  "model/models.js": 1657802635927,
  "i18n/i18n.properties": 1657802635911,
  "controller/Upload.controller.js": 1657802635911,
  "controller/NotFound.controller.js": 1657802635907,
  "controller/ErrorHandler.js": 1657802635903,
  "controller/BaseController.js": 1657802635903,
  "controller/App.controller.js": 1657802635903,
  "Component.js": 1657802635903,
  "manifest-bundle.zip": 1658214311016,
  "Component-preload.js": 1658214311334,
  "controller/ErrorHandler-dbg.js": 1657802635903,
  "model/models-dbg.js": 1657802635927,
  "model/formatter-dbg.js": 1657802635927,
  "controller/Upload-dbg.controller.js": 1657802635911,
  "controller/NotFound-dbg.controller.js": 1657802635907,
  "utils/locate-reuse-libs-dbg.js": 1657802635927,
  "controller/BaseController-dbg.js": 1657802635903,
  "controller/App-dbg.controller.js": 1657802635903,
  "Component-dbg.js": 1657802635903,
  "view/Upload.view.xml": 1657802635931,
  "view/ObjectNotFound.view.xml": 1657802635927,
  "view/NotFound.view.xml": 1657802635927,
  "view/App.view.xml": 1657802635927,
  "index.html": 1657802635911
}