{
  "utils/locate-reuse-libs.js": 1658299916602,
  "model/formatter.js": 1658299916602,
  "i18n/i18n.properties": 1658299916582,
  "model/models.js": 1658299916602,
  "manifest.json": 1658395046857,
  "controller/Upload.controller.js": 1658299916578,
  "controller/NotFound.controller.js": 1658299916578,
  "controller/ErrorHandler.js": 1658299916574,
  "controller/BaseController.js": 1658299916570,
  "controller/App.controller.js": 1658299916570,
  "Component.js": 1658299916566,
  "manifest-bundle.zip": 1658395046872,
  "Component-preload.js": 1658395047176,
  "utils/locate-reuse-libs-dbg.js": 1658299916602,
  "model/models-dbg.js": 1658299916602,
  "model/formatter-dbg.js": 1658299916602,
  "controller/Upload-dbg.controller.js": 1658299916578,
  "controller/NotFound-dbg.controller.js": 1658299916578,
  "controller/ErrorHandler-dbg.js": 1658299916574,
  "controller/BaseController-dbg.js": 1658299916570,
  "controller/App-dbg.controller.js": 1658299916570,
  "Component-dbg.js": 1658299916566,
  "view/Upload.view.xml": 1658299916610,
  "view/ObjectNotFound.view.xml": 1658299916610,
  "view/NotFound.view.xml": 1658299916606,
  "view/App.view.xml": 1658299916606,
  "index.html": 1658299916582
}