{
  "controller/Upload-dbg.controller.js": 1658379887041,
  "Component.js": 1658379887041,
  "utils/locate-reuse-libs.js": 1658379887045,
  "model/models.js": 1658379887045,
  "model/formatter.js": 1658379887045,
  "controller/Upload.controller.js": 1658379887041,
  "controller/NotFound.controller.js": 1658379887041,
  "controller/ErrorHandler.js": 1658379887041,
  "controller/BaseController.js": 1658379887041,
  "controller/App.controller.js": 1658379887041,
  "manifest.json": 1658769920583,
  "manifest-bundle.zip": 1658769920595,
  "Component-preload.js": 1658769920849,
  "controller/ErrorHandler-dbg.js": 1658379887041,
  "model/models-dbg.js": 1658379887045,
  "model/formatter-dbg.js": 1658379887045,
  "i18n/i18n.properties": 1658379887041,
  "controller/NotFound-dbg.controller.js": 1658379887041,
  "utils/locate-reuse-libs-dbg.js": 1658379887045,
  "controller/BaseController-dbg.js": 1658379887041,
  "controller/App-dbg.controller.js": 1658379887041,
  "Component-dbg.js": 1658379887041,
  "view/Upload.view.xml": 1658379887045,
  "view/ObjectNotFound.view.xml": 1658379887045,
  "view/NotFound.view.xml": 1658379887045,
  "view/App.view.xml": 1658379887045,
  "index.html": 1658763556670
}