{
  "model/sharedState.json": 1632157726924,
  "model/airportCharges.json": 1632157726920,
  "model/lobs.json": 1632157726920,
  "i18n/i18n.properties": 1636310042743,
  "manifest.json": 1658214259259,
  "utils/locate-reuse-libs.js": 1634109002159,
  "model/models.js": 1632157726924,
  "model/formatter.js": 1632157726920,
  "libs/lodash.js": 1638817557072,
  "dialog/BusyDialogController.js": 1632158403257,
  "controller/lob.controller.js": 1632229926709,
  "controller/ServicesFragmentController.js": 1632229926821,
  "controller/PassFragmentController.js": 1632229926809,
  "controller/OverflightServices.controller.js": 1632229926805,
  "controller/NotFound.controller.js": 1632229926765,
  "controller/Master.controller.js": 1632229926713,
  "controller/LobBase.controller.js": 1638817618821,
  "controller/ListSelector.js": 1632229926709,
  "controller/ErrorHandler.js": 1632229925653,
  "controller/EngServices.controller.js": 1632229925649,
  "controller/DetailObjectNotFound.js": 1632229925581,
  "controller/DetailObjectNotFound.controller.js": 1632229925565,
  "controller/Detail.controller.js": 1636311938825,
  "controller/Catering.controller.js": 1632229925557,
  "controller/CargoCharges.controller.js": 1632229925553,
  "controller/BaseController.js": 1632229925553,
  "controller/App.controller.js": 1633871249368,
  "controller/AirportCharges.controller.js": 1635140840463,
  "constants/Constants.js": 1632151576955,
  "Component.js": 1632401791412,
  "manifest-bundle.zip": 1658214259280,
  "Component-preload.js": 1658214260484,
  "controller/CargoCharges-dbg.controller.js": 1632229925553,
  "model/models-dbg.js": 1632157726924,
  "model/formatter-dbg.js": 1632157726920,
  "libs/lodash-dbg.js": 1638817557072,
  "controller/lob-dbg.controller.js": 1632229926709,
  "controller/ServicesFragmentController-dbg.js": 1632229926821,
  "controller/PassFragmentController-dbg.js": 1632229926809,
  "controller/OverflightServices-dbg.controller.js": 1632229926805,
  "controller/NotFound-dbg.controller.js": 1632229926765,
  "controller/Master-dbg.controller.js": 1632229926713,
  "controller/LobBase-dbg.controller.js": 1638817618821,
  "controller/ListSelector-dbg.js": 1632229926709,
  "controller/ErrorHandler-dbg.js": 1632229925653,
  "controller/EngServices-dbg.controller.js": 1632229925649,
  "controller/DetailObjectNotFound-dbg.js": 1632229925581,
  "controller/DetailObjectNotFound-dbg.controller.js": 1632229925565,
  "controller/Detail-dbg.controller.js": 1636311938825,
  "controller/Catering-dbg.controller.js": 1632229925557,
  "utils/locate-reuse-libs-dbg.js": 1634109002159,
  "controller/BaseController-dbg.js": 1632229925553,
  "controller/App-dbg.controller.js": 1633871249368,
  "controller/AirportCharges-dbg.controller.js": 1635140840463,
  "dialog/BusyDialogController-dbg.js": 1632158403257,
  "constants/Constants-dbg.js": 1632151576955,
  "Component-dbg.js": 1632401791412,
  "view/lob.view.xml": 1633088283895,
  "view/ViewSettingsDialog.fragment.xml": 1632249750776,
  "view/Trip.view.xml": 1633088297387,
  "view/OverflightServices.view.xml": 1633088304455,
  "view/NotFound.view.xml": 1633088290259,
  "view/Master.view.xml": 1633087777566,
  "view/EngServices.view.xml": 1633088278591,
  "view/DetailObjectNotFound.view.xml": 1633088255747,
  "view/Detail.view.xml": 1634043863390,
  "view/Catering.view.xml": 1633088232539,
  "view/CargoCharges.view.xml": 1633088193028,
  "view/App.view.xml": 1633087721178,
  "view/AirportCharges.view.xml": 1633088222851,
  "images/overflying.jpg": 1632154218617,
  "images/overfly.jpg": 1632154218605,
  "images/engservices.jpg": 1632154218593,
  "images/eng_srv.jpg": 1632154218469,
  "images/catering.jpeg": 1632154218461,
  "images/cargocharges.jpg": 1632154218457,
  "images/cargo_charges.jpg": 1632154218309,
  "images/airportcharges.jpg": 1632154218297,
  "images/aiport_charges.jpg": 1632154218165,
  "fragments/Services.fragment.xml": 1632152545257,
  "fragments/PassangerDetails.fragment.xml": 1632152545257,
  "fragments/MoreServices.fragment.xml": 1632152545257,
  "fragments/InterfacesStatus.fragment.xml": 1632152545253,
  "fragments/CargoDetails.fragment.xml": 1632152545253,
  "fonts/fa-solid-900.woff2": 1632151848220,
  "fonts/fa-solid-900.woff": 1632151848024,
  "fonts/fa-solid-900.ttf": 1632151847892,
  "fonts/fa-solid-900.svg": 1632151847880,
  "fonts/fa-solid-900.eot": 1632151847516,
  "dialog/BusyDialog.fragment.xml": 1632151781408,
  "css/style.css": 1632151664755,
  "index.html": 1633241274327
}