{
  "controller/Detail.controller.js": 1657275400082,
  "dialog/BusyDialogController.js": 1657275400086,
  "model/lobs.json": 1657275400098,
  "model/airportCharges.json": 1657275400098,
  "manifest.json": 1657297627882,
  "utils/locate-reuse-libs.js": 1657275400098,
  "model/models.js": 1657275400098,
  "model/formatter.js": 1657275400098,
  "libs/lodash.js": 1657275400098,
  "model/sharedState.json": 1657275400098,
  "controller/lob.controller.js": 1657275400086,
  "controller/ServicesFragmentController.js": 1657275400086,
  "controller/PassFragmentController.js": 1657275400086,
  "controller/OverflightServices.controller.js": 1657275400086,
  "controller/NotFound.controller.js": 1657275400086,
  "controller/Master.controller.js": 1657275400086,
  "controller/LobBase.controller.js": 1657275400086,
  "controller/ListSelector.js": 1657275400086,
  "controller/ErrorHandler.js": 1657275400082,
  "controller/EngServices.controller.js": 1657275400082,
  "controller/DetailObjectNotFound.js": 1657275400082,
  "controller/DetailObjectNotFound.controller.js": 1657275400082,
  "i18n/i18n.properties": 1657275400094,
  "controller/Catering.controller.js": 1657275400082,
  "controller/CargoCharges.controller.js": 1657275400082,
  "controller/BaseController.js": 1657275400082,
  "controller/App.controller.js": 1657275400082,
  "controller/AirportCharges.controller.js": 1657275400082,
  "constants/Constants.js": 1657275400082,
  "Component.js": 1657275400082,
  "manifest-bundle.zip": 1657297627903,
  "Component-preload.js": 1657297629017,
  "controller/ServicesFragmentController-dbg.js": 1657275400086,
  "model/models-dbg.js": 1657275400098,
  "model/formatter-dbg.js": 1657275400098,
  "libs/lodash-dbg.js": 1657275400098,
  "dialog/BusyDialogController-dbg.js": 1657275400086,
  "controller/lob-dbg.controller.js": 1657275400086,
  "utils/locate-reuse-libs-dbg.js": 1657275400098,
  "controller/PassFragmentController-dbg.js": 1657275400086,
  "controller/OverflightServices-dbg.controller.js": 1657275400086,
  "controller/NotFound-dbg.controller.js": 1657275400086,
  "controller/Master-dbg.controller.js": 1657275400086,
  "controller/LobBase-dbg.controller.js": 1657275400086,
  "controller/ListSelector-dbg.js": 1657275400086,
  "controller/ErrorHandler-dbg.js": 1657275400082,
  "controller/EngServices-dbg.controller.js": 1657275400082,
  "controller/DetailObjectNotFound-dbg.js": 1657275400082,
  "controller/DetailObjectNotFound-dbg.controller.js": 1657275400082,
  "controller/Detail-dbg.controller.js": 1657275400082,
  "controller/Catering-dbg.controller.js": 1657275400082,
  "controller/CargoCharges-dbg.controller.js": 1657275400082,
  "controller/BaseController-dbg.js": 1657275400082,
  "controller/App-dbg.controller.js": 1657275400082,
  "controller/AirportCharges-dbg.controller.js": 1657275400082,
  "constants/Constants-dbg.js": 1657275400082,
  "Component-dbg.js": 1657275400082,
  "view/lob.view.xml": 1657275400102,
  "view/ViewSettingsDialog.fragment.xml": 1657275400102,
  "view/Trip.view.xml": 1657275400102,
  "view/OverflightServices.view.xml": 1657275400102,
  "view/NotFound.view.xml": 1657275400102,
  "view/Master.view.xml": 1657275400102,
  "view/EngServices.view.xml": 1657275400102,
  "view/DetailObjectNotFound.view.xml": 1657275400102,
  "view/Detail.view.xml": 1657275400102,
  "view/Catering.view.xml": 1657275400102,
  "view/CargoCharges.view.xml": 1657275400102,
  "view/App.view.xml": 1657275400102,
  "view/AirportCharges.view.xml": 1657275400102,
  "images/overflying.jpg": 1657275400098,
  "images/overfly.jpg": 1657275400098,
  "images/engservices.jpg": 1657275400098,
  "images/eng_srv.jpg": 1657275400098,
  "images/catering.jpeg": 1657275400098,
  "images/cargocharges.jpg": 1657275400098,
  "images/cargo_charges.jpg": 1657275400098,
  "images/airportcharges.jpg": 1657275400098,
  "images/aiport_charges.jpg": 1657275400094,
  "fragments/Services.fragment.xml": 1657275400094,
  "fragments/PassangerDetails.fragment.xml": 1657275400094,
  "fragments/MoreServices.fragment.xml": 1657275400094,
  "fragments/InterfacesStatus.fragment.xml": 1657275400094,
  "fragments/CargoDetails.fragment.xml": 1657275400094,
  "fonts/fa-solid-900.woff2": 1657275400094,
  "fonts/fa-solid-900.woff": 1657275400094,
  "fonts/fa-solid-900.ttf": 1657275400094,
  "fonts/fa-solid-900.svg": 1657275400094,
  "fonts/fa-solid-900.eot": 1657275400086,
  "dialog/BusyDialog.fragment.xml": 1657275400086,
  "css/style.css": 1657275400086,
  "index.html": 1657275400098
}