{
  "annotations/annotation.xml": 1657275400118,
  "utils/locate-reuse-libs.js": 1657275400118,
  "manifest.json": 1657297612207,
  "controller/tripdetails.controller.js": 1657275400118,
  "Component.js": 1657275400118,
  "manifest-bundle.zip": 1657297612220,
  "Component-preload.js": 1657297612566,
  "controller/tripdetails-dbg.controller.js": 1657275400118,
  "utils/locate-reuse-libs-dbg.js": 1657275400118,
  "Component-dbg.js": 1657275400118,
  "i18n/i18n.properties": 1657275400118,
  "View/tripdetails.view.xml": 1657275400118,
  "index.html": 1657275400118
}