{
  "Component-dbg.js": 1658379887025,
  "utils/locate-reuse-libs.js": 1658379887025,
  "manifest.json": 1658769859714,
  "controller/tripdetails.controller.js": 1658379887025,
  "Component.js": 1658379887025,
  "manifest-bundle.zip": 1658769859735,
  "Component-preload.js": 1658769860087,
  "controller/tripdetails-dbg.controller.js": 1658379887025,
  "utils/locate-reuse-libs-dbg.js": 1658379887025,
  "i18n/i18n.properties": 1658379887025,
  "annotations/annotation.xml": 1658379887025,
  "View/tripdetails.view.xml": 1658379887025,
  "index.html": 1658757138555
}