{
  "utils/locate-reuse-libs-dbg.js": 1621944611756,
  "Component.js": 1622021473845,
  "utils/locate-reuse-libs.js": 1621944611756,
  "controller/tripdetails.controller.js": 1622019364301,
  "manifest.json": 1648801932759,
  "manifest-bundle.zip": 1648801932787,
  "Component-preload.js": 1648801933310,
  "Component-dbg.js": 1622021473845,
  "controller/tripdetails-dbg.controller.js": 1622019364301,
  "i18n/i18n.properties": 1632860765962,
  "annotations/annotation.xml": 1622010253807,
  "View/tripdetails.view.xml": 1622019448802,
  "index.html": 1635070447738
}