{
  "utils/locate-reuse-libs-dbg.js": 1654173680262,
  "manifest.json": 1658394976729,
  "utils/locate-reuse-libs.js": 1654173680262,
  "controller/tripdetails.controller.js": 1654173680262,
  "Component.js": 1654173680262,
  "manifest-bundle.zip": 1658394976751,
  "Component-preload.js": 1658394977175,
  "controller/tripdetails-dbg.controller.js": 1654173680262,
  "i18n/i18n.properties": 1654173680262,
  "Component-dbg.js": 1654173680262,
  "annotations/annotation.xml": 1654173680262,
  "View/tripdetails.view.xml": 1654173680262,
  "index.html": 1654173680262
}