<core:FragmentDefinition xmlns:m="sap.m" xmlns:mvc="sap.ui.core.mvc" xmlns:semantic="sap.m.semantic"
	xmlns:footerbar="sap.ushell.ui.footerbar" xmlns="sap.uxap" xmlns:layout="sap.ui.layout" xmlns:core="sap.ui.core"
	xmlns:f="sap.ui.layout.form">
	<m:Panel id="passengerInfoPanel" expandable="true" expanded="true">
		<m:headerToolbar>
			<m:OverflowToolbar style="Standard">
				<m:Title text="{lobView>/infoPanelTitle}"/>
				<m:content>
					<m:ToolbarSpacer id="spacer0"/>
				</m:content>
			</m:OverflowToolbar>
		</m:headerToolbar>
		<m:content>
			<f:SimpleForm id="formPassDetails" editable="true" backgroundDesign="Transparent" columnsL="2" labelSpanL="6" columnsM="2" labelSpanM="6"
				labelSpanS="6" adjustLabelSpan="false" singleContainerFullSize="false" layout="ResponsiveGridLayout" emptySpanM="3">
				<f:content>
					<core:Title text=""/>
					<m:Label design="Bold" text="Total Tonnage KG"/>
					<m:Input type="Number" value="{flightServices>/details/TotCgoKg}" editable="{= ${lobView>/editMode} === true ? true : false}" width="auto"
						change=".onCargoDetailsValueChanged"/>
					<m:Label design="Bold" text="Total Transit Tonnage"/>
					<m:Input type="Number" value="{flightServices>/details/TotTransTonn}" editable="{= ${lobView>/editMode} === true ? true : false}"
						width="auto" change=".onCargoDetailsValueChanged"/>
					<m:Label design="Bold" text="Total Imp Tonnage"/>
					<m:Input type="Number" value="{flightServices>/details/TotImpTon}" editable="{= ${lobView>/editMode} === true ? true : false}" width="auto"
						change=".onCargoDetailsValueChanged"/>
					<m:Label design="Bold" text="Total Exp Tonnage"/>
					<m:Input type="Number" value="{flightServices>/details/TotExpTon}" editable="{= ${lobView>/editMode} === true ? true : false}" width="auto"
						change=".onCargoDetailsValueChanged"/>
					<core:Title text=""/>
					<m:Label design="Bold" text="Import Loose KG"/>
					<m:Input type="Number" value="{flightServices>/details/ImpLooseKg}" editable="{= ${lobView>/editMode} === true ? true : false}"
						change=".onCargoDetailsValueChanged"/>
					<m:Label design="Bold" text="Import Prepack KG"/>
					<m:Input type="Number" value="{flightServices>/details/ImpIntactKg}" editable="{= ${lobView>/editMode} === true ? true : false}"
						change=".onCargoDetailsValueChanged"/>
					<m:Label design="Bold" text="Export Loose KG"/>
					<m:Input type="Number" value="{flightServices>/details/ExpLooseKg}" editable="{= ${lobView>/editMode} === true ? true : false}"
						change=".onCargoDetailsValueChanged"/>
					<m:Label design="Bold" text="Export Prepack KG"/>
					<m:Input type="Number" value="{flightServices>/details/ExpIntactKg}" editable="{= ${lobView>/editMode} === true ? true : false}"
						change=".onCargoDetailsValueChanged"/>
				</f:content>
			</f:SimpleForm>
		</m:content>
	</m:Panel>
</core:FragmentDefinition>