<core:FragmentDefinition xmlns="sap.m" xmlns:core="sap.ui.core">
	<Popover beforeOpen=".beforeOpenIntStatusPopover" afterClose=".afterCloseIntStatusPopover" contentMinWidth="20rem" title="Inteface Statuses"
		class="sapUiContentPadding" placement="PreferredBottomOrFlip">
		<Table fixedLayout="false" backgroundDesign="Transparent" items="{interfaceStatus>/}">
			<columns>
				<Column><Text text="Name"/></Column>
				<Column><Text text="Status"/></Column>
			</columns>
			<items>
				<ColumnListItem type="Inactive" selected="true">
					<cells>
						<Text text="{interfaceStatus>name}"/>
						<ObjectStatus text="{path: 'interfaceStatus>status', formatter: '.formatter.interfaceStatusText'}" state="{path: 'interfaceStatus>status', formatter: '.formatter.interfaceStatusState'}"
							inverted="true"/>
					</cells>
				</ColumnListItem>
			</items>
		</Table>
	</Popover>
</core:FragmentDefinition>