<core:FragmentDefinition xmlns="sap.m" xmlns:core="sap.ui.core">
	<TableSelectDialog title="{i18n>TIT_SELECT_ADDTIONAL_SERV_TXT}" search="onSearchMoreServicesDialog" confirm="onConfirmMoreServicesDialog"
		cancel="onCancelMoreServicesDialog" items="{flightServices>/moreServices}" multiSelect="true">
		<columns>
			<Column minScreenWidth="Desktop" demandPopin="true" hAlign="Center">
				<header>
					<Text text="{i18n>LBL_SERVICE_TXT}"/>
				</header>
			</Column>
			<Column minScreenWidth="Desktop" demandPopin="true" hAlign="Center">
				<header>
					<Text text="{i18n>LBL_VENDOR_DESC_TXT}"/>
				</header>
			</Column>
			<Column minScreenWidth="Desktop" demandPopin="true" hAlign="Center">
				<header>
					<Text text="{i18n>LBL_VENDOR_TXT}"/>
				</header>
			</Column>			
		</columns>
		<ColumnListItem>
			<cells>
				<Text text="{flightServices>SrvcCode}"/>
				<Text text="{flightServices>SrvcDesc}"/>
				<Text text="{flightServices>CtrVendorDesc}"/>
			</cells>
		</ColumnListItem>
	</TableSelectDialog>
</core:FragmentDefinition>