<core:FragmentDefinition xmlns:m="sap.m" xmlns:mvc="sap.ui.core.mvc" xmlns:semantic="sap.m.semantic" xmlns:footerbar="sap.ushell.ui.footerbar" xmlns="sap.uxap" xmlns:layout="sap.ui.layout" xmlns:core="sap.ui.core" xmlns:f="sap.ui.layout.form">
	<m:Panel id="passengerInfoPanel" expandable="true" expanded="true">
		<m:headerToolbar>
			<m:OverflowToolbar style="Standard">
				<m:Title text="{lobView>/infoPanelTitle}"/>
				<m:content>
					<m:ToolbarSpacer id="spacer0"/>
				</m:content>
			</m:OverflowToolbar>
		</m:headerToolbar>
		<m:content>
			<f:SimpleForm id="formPassDetails" editable="true" labelSpanL="6" backgroundDesign="Transparent" columnsM="2" labelSpanM="6" labelSpanS="6" adjustLabelSpan="false" singleContainerFullSize="false" layout="ResponsiveGridLayout" emptySpanM="3">
				<f:content>
					<core:Title text=""/>
					
					<m:Label design="Bold" text="{i18n>LBL_FIRST_CLASS_TXT}"/>
					<m:Input value="{flightServices>/details/FirstClassPax}" editable="{= ${lobView>/editMode} === true ? true : false}" change=".onPassangerDetailsValueChanged"/>
					
					<m:Label design="Bold" text="{i18n>LBL_BUSINESS_CLASS_TXT}"/>
					<m:Input value="{flightServices>/details/BusClassPax}" editable="{= ${lobView>/editMode} === true ? true : false}" change=".onPassangerDetailsValueChanged"/>
					
					<m:Label design="Bold" text="{i18n>LBL_PERMIM_CLASS_TXT}"/>
					<m:Input value="{flightServices>/details/PremEcoPax}" editable="{= ${lobView>/editMode} === true ? true : false}" change=".onPassangerDetailsValueChanged"/>
					
					<core:Title text=""/>
					
					<m:Label design="Bold" text="{i18n>LBL_ECONOMY_CLASS_TXT}"/>
					<m:Input value="{flightServices>/details/EcoPax}" editable="{= ${lobView>/editMode} === true ? true : false}" change=".onPassangerDetailsValueChanged"/>
					
					<m:Label design="Bold" text="{i18n>LBL_TOTAL_PASSANGERS_TXT}"/>
					<m:Input value="{flightServices>/details/TotalPax}" editable="{= ${lobView>/editMode} === true ? true : false}" change=".onPassangerDetailsValueChanged"/>
		
				</f:content>
			</f:SimpleForm>
		</m:content>
	</m:Panel>
</core:FragmentDefinition>