{
  "i18n/i18n.properties": 1657275400066,
  "manifest.json": 1657297562330,
  "model/models.js": 1657275400066,
  "controller/accommodation.controller.js": 1657275400066,
  "Component.js": 1657275400066,
  "manifest-bundle.zip": 1657297562344,
  "Component-preload.js": 1657297562597,
  "controller/accommodation-dbg.controller.js": 1657275400066,
  "model/models-dbg.js": 1657275400066,
  "Component-dbg.js": 1657275400066,
  "view/accommodation.view.xml": 1657275400066,
  "css/style.css": 1657275400066,
  "annotations/annotation.xml": 1657275400066,
  "index.html": 1657275400066
}