{
  "Component-preload.js": 1658769826466,
  "Component.js": 1658379886977,
  "model/models.js": 1658379886977,
  "controller/accommodation.controller.js": 1658379886977,
  "manifest.json": 1658769826089,
  "manifest-bundle.zip": 1658769826108,
  "i18n/i18n.properties": 1658379886977,
  "controller/accommodation-dbg.controller.js": 1658379886977,
  "model/models-dbg.js": 1658379886977,
  "Component-dbg.js": 1658379886977,
  "view/accommodation.view.xml": 1658379886977,
  "css/style.css": 1658379886977,
  "annotations/annotation.xml": 1658379886977,
  "index.html": 1658757138543
}