{
  "Component-dbg.js": 1622028744621,
  "Component.js": 1622028744621,
  "model/models.js": 1621869832232,
  "controller/accommodation.controller.js": 1622028760013,
  "manifest.json": 1658214200444,
  "manifest-bundle.zip": 1658214200474,
  "Component-preload.js": 1658214200853,
  "model/models-dbg.js": 1621869832232,
  "controller/accommodation-dbg.controller.js": 1622028760013,
  "i18n/i18n.properties": 1621869832220,
  "view/accommodation.view.xml": 1622028779477,
  "css/style.css": 1621869832216,
  "annotations/annotation.xml": 1622025343265,
  "index.html": 1636040478798
}