{
  "manifest-bundle.zip": 1658394936038,
  "manifest.json": 1658394936014,
  "model/models.js": 1654173680206,
  "controller/accommodation.controller.js": 1654173680206,
  "Component.js": 1654173680206,
  "i18n/i18n.properties": 1654173680206,
  "Component-preload.js": 1658394936500,
  "model/models-dbg.js": 1654173680206,
  "controller/accommodation-dbg.controller.js": 1654173680206,
  "Component-dbg.js": 1654173680206,
  "view/accommodation.view.xml": 1654173680206,
  "css/style.css": 1654173680206,
  "annotations/annotation.xml": 1654173680206,
  "index.html": 1654173680206
}