{
  "Component-preload.js": 1635597929002,
  "manifest.json": 1635597928749,
  "model/models.js": 1621791468839,
  "controller/Cargo.controller.js": 1621791468839,
  "Component.js": 1619462750000,
  "manifest-bundle.zip": 1635597928761,
  "i18n/i18n.properties": 1632833315264,
  "Component-dbg.js": 1619462750000,
  "controller/Cargo-dbg.controller.js": 1621791468839,
  "model/models-dbg.js": 1621791468839,
  "view/Cargo.view.xml": 1621947577707,
  "css/style.css": 1621791468839,
  "annotations/annotation.xml": 1619462750000,
  "index.html": 1634646532665
}