{
  "Component.js": 1654173680262,
  "manifest.json": 1658394998849,
  "model/models.js": 1654173680266,
  "controller/TripInput.controller.js": 1654173680266,
  "i18n/i18n.properties": 1654173680266,
  "manifest-bundle.zip": 1658394998877,
  "Component-preload.js": 1658394999295,
  "model/models-dbg.js": 1654173680266,
  "controller/TripInput-dbg.controller.js": 1654173680266,
  "Component-dbg.js": 1654173680262,
  "view/TripInput.view.xml": 1654173680266,
  "css/style.css": 1654173680266,
  "index.html": 1654173680266
}