{
  "manifest.json": 1657297637215,
  "model/models.js": 1657275400122,
  "i18n/i18n.properties": 1657275400122,
  "controller/TripInput.controller.js": 1657275400122,
  "Component.js": 1657275400122,
  "manifest-bundle.zip": 1657297637225,
  "Component-preload.js": 1657297637484,
  "model/models-dbg.js": 1657275400122,
  "controller/TripInput-dbg.controller.js": 1657275400122,
  "Component-dbg.js": 1657275400122,
  "view/TripInput.view.xml": 1657275400122,
  "css/style.css": 1657275400122,
  "index.html": 1657275400122
}