{
  "css/style.css": 1658379887029,
  "model/models.js": 1658379887029,
  "manifest.json": 1658769878272,
  "controller/TripInput.controller.js": 1658379887029,
  "Component.js": 1658379887029,
  "manifest-bundle.zip": 1658769878291,
  "Component-preload.js": 1658769878652,
  "model/models-dbg.js": 1658379887029,
  "controller/TripInput-dbg.controller.js": 1658379887029,
  "Component-dbg.js": 1658379887029,
  "view/TripInput.view.xml": 1658379887029,
  "i18n/i18n.properties": 1658379887029,
  "index.html": 1658757138555
}