{
  "manifest.json": 1648801973991,
  "model/models.js": 1632594743428,
  "i18n/i18n.properties": 1633233059016,
  "controller/TripInput.controller.js": 1635096481233,
  "Component.js": 1632594743424,
  "manifest-bundle.zip": 1648801974012,
  "Component-preload.js": 1648801974535,
  "Component-dbg.js": 1632594743424,
  "controller/TripInput-dbg.controller.js": 1635096481233,
  "model/models-dbg.js": 1632594743428,
  "view/TripInput.view.xml": 1633239237714,
  "css/style.css": 1632594743424,
  "index.html": 1632752225661
}